{
  "database": "weaviate",
  "collection": "bench_v2_weaviate",
  "num_vectors": 9990000,
  "timestamp": "2025-12-17T23:42:02.109771",
  "status": "success",
  "latency": {
    "num_queries": 1000,
    "latency_mean_ms": 8.084248360159108,
    "latency_p50_ms": 8.004932475159876,
    "latency_p95_ms": 15.422575021511873,
    "latency_p99_ms": 19.158371498342603,
    "latency_std_ms": 4.077808043987939
  },
  "qps_single": {
    "duration_s": 30.001619338989258,
    "total_queries": 13252,
    "qps": 441.7094907533233
  },
  "qps_concurrent": {
    "threads": 4,
    "duration_s": 30.006764888763428,
    "total_queries": 46764,
    "qps": 1558.448575624746
  }
}