{
  "database": "pgvector",
  "dataset": "2aa82eb8b42f5b61",
  "num_documents": 100000,
  "num_queries": 21,
  "embedding_dim": 768,
  "timestamp": "2025-12-13T19:46:26.237717",
  "operational_complexity": {
    "database": "pgvector",
    "deployment_score": 34.0,
    "configuration_score": 60,
    "monitoring_score": 25,
    "maintenance_score": 8,
    "documentation_score": 0,
    "overall_score": 27.5,
    "best_for": [
      "Teams wanting zero ops burden",
      "Growing workloads requiring scale"
    ],
    "challenges": [
      "Requires external services: postgresql"
    ],
    "recommended_team_size": "small"
  },
  "index_build": {
    "total_build_time_seconds": 604.429808148001,
    "insert_time_seconds": 601.2046431729996,
    "num_vectors": 100000,
    "vectors_per_second": 166.33271405261672,
    "memory_delta_mb": 2985.7109375,
    "index_size_bytes": 840605696
  },
  "standard": {
    "recall": {
      "@1": 0.19241961741961744,
      "@10": 0.5452279202279203,
      "@100": 0.6917989417989419
    },
    "precision": {
      "@1": 0.5714285714285714,
      "@10": 0.2571428571428571,
      "@100": 0.03190476190476191
    },
    "ndcg": {
      "@1": 0.5714285714285714,
      "@10": 0.5845979595783215,
      "@100": 0.5900282058611249
    },
    "latency": {
      "p50": 4.132234000280732,
      "p95": 7.627815999512677,
      "p99": 8.617417600544286,
      "mean": 4.4774587620936686,
      "std": 1.3761291992891116,
      "min": 3.180662000886514,
      "max": 8.864818000802188
    },
    "qps": 223.34097378317293
  },
  "cold_start": {
    "mean_ms": 17.733257199870422,
    "std_ms": 7.526407091014966,
    "min_ms": 13.656422001076862,
    "max_ms": 32.771248999779345,
    "trials": 5
  },
  "filtered_search": {
    "no_filter": {
      "p50": 2.351682998778415,
      "p95": 4.124466999201104,
      "p99": 4.839298999286258,
      "mean": 2.6943065712701006,
      "std": 0.8325945041192778,
      "min": 1.7682800007605692,
      "max": 5.018006999307545
    },
    "with_filter": {
      "p50": 1.8466339988663094,
      "p95": 2.5605259997973917,
      "p99": 3.8977724001597394,
      "mean": 2.013374904587787,
      "std": 0.5569106770848155,
      "min": 1.493681998908869,
      "max": 4.232084000250325
    },
    "filter_overhead_percent": -25.27298392629912
  },
  "qps": {
    "qps": 410.41012391577596,
    "latency": {
      "p50": 1.8765169988910202,
      "p95": 2.3814859996491577,
      "p99": 2.5453317591018276,
      "mean": 1.9291490470190364,
      "std": 0.24026034956345135,
      "min": 1.4373760004673386,
      "max": 3.0585599997721147
    },
    "duration_seconds": 30,
    "total_queries": 12313
  },
  "status": "success"
}