{
  "database": "chroma",
  "collection": "bench_v2_chroma",
  "num_queries": 10000,
  "methodology": "held-out queries, full corpus GT",
  "timestamp": "2025-12-19T00:40:47.592050",
  "recall": {
    "@1": {
      "mean": 0.8845,
      "std": 0.3196243889317585,
      "min": 0.0,
      "max": 1.0
    },
    "@10": {
      "mean": 0.88515,
      "std": 0.18183640312104724,
      "min": 0.0,
      "max": 1.0
    },
    "@100": {
      "mean": 0.764298,
      "std": 0.1635486691966645,
      "min": 0.0,
      "max": 1.0
    }
  },
  "latency": {
    "mean_ms": 6.247422735775762,
    "std_ms": 2.93260661474257,
    "p50_ms": 5.212136995396577,
    "p95_ms": 12.573718200292204,
    "p99_ms": 18.556339561182543
  }
}