{
  "database": "chroma",
  "collection": "bench_v2_chroma",
  "num_queries": 10000,
  "methodology": "held-out queries, full corpus GT",
  "timestamp": "2025-12-19T01:10:19.515108",
  "recall": {
    "@1": {
      "mean": 0.8845,
      "std": 0.3196243889317585,
      "min": 0.0,
      "max": 1.0
    },
    "@10": {
      "mean": 0.88515,
      "std": 0.18183640312104724,
      "min": 0.0,
      "max": 1.0
    },
    "@100": {
      "mean": 0.764298,
      "std": 0.1635486691966645,
      "min": 0.0,
      "max": 1.0
    }
  },
  "latency": {
    "mean_ms": 4.589470425681793,
    "std_ms": 0.4582616312429756,
    "p50_ms": 4.609939998772461,
    "p95_ms": 5.281587055651471,
    "p99_ms": 5.634004415042
  }
}