{
  "database": "milvus",
  "collection": "bench_v2_milvus",
  "num_queries": 10000,
  "methodology": "held-out queries, full corpus GT",
  "timestamp": "2025-12-17T21:04:26.986824",
  "recall": {
    "@1": {
      "mean": 0.9901,
      "std": 0.09900499987374375,
      "min": 0.0,
      "max": 1.0
    },
    "@10": {
      "mean": 0.99251,
      "std": 0.03008155414868054,
      "min": 0.4,
      "max": 1.0
    },
    "@100": {
      "mean": 0.9900320000000001,
      "std": 0.015108903864940043,
      "min": 0.81,
      "max": 1.0
    }
  },
  "latency": {
    "mean_ms": 128.0688830232015,
    "std_ms": 25.357406282062826,
    "p50_ms": 120.24953748914413,
    "p95_ms": 164.82813554757738,
    "p99_ms": 227.8112082343433
  }
}