{
  "database": "milvus",
  "collection": "bench_v2_milvus",
  "num_queries": 10000,
  "methodology": "held-out queries, full corpus GT",
  "timestamp": "2025-12-17T21:39:17.945669",
  "recall": {
    "@1": {
      "mean": 0.9896,
      "std": 0.10144870625099169,
      "min": 0.0,
      "max": 1.0
    },
    "@10": {
      "mean": 0.9918800000000001,
      "std": 0.03146530788026711,
      "min": 0.4,
      "max": 1.0
    },
    "@100": {
      "mean": 0.989331,
      "std": 0.01612769168232082,
      "min": 0.82,
      "max": 1.0
    }
  },
  "latency": {
    "mean_ms": 116.2609363548545,
    "std_ms": 45.282549163155814,
    "p50_ms": 106.04354849783704,
    "p95_ms": 178.50209193275074,
    "p99_ms": 297.42592563939996
  }
}