{
  "database": "milvus",
  "collection": "bench_v2_milvus",
  "num_queries": 10000,
  "methodology": "held-out queries, full corpus GT",
  "timestamp": "2025-12-16T22:16:22.065989",
  "recall": {
    "@1": {
      "mean": 0.9842,
      "std": 0.12470108259353646,
      "min": 0.0,
      "max": 1.0
    },
    "@10": {
      "mean": 0.9871300000000001,
      "std": 0.04129604218324075,
      "min": 0.5,
      "max": 1.0
    },
    "@100": {
      "mean": 0.9848890000000001,
      "std": 0.021200181107716987,
      "min": 0.75,
      "max": 1.0
    }
  },
  "latency": {
    "mean_ms": 92.87085301196785,
    "std_ms": 41.87217015071968,
    "p50_ms": 86.44655751413666,
    "p95_ms": 120.20686314936027,
    "p99_ms": 168.49751013069186
  }
}