{
  "database": "pgvector",
  "collection": "bench_v2_pgvector",
  "num_queries": 10000,
  "methodology": "held-out queries, full corpus GT",
  "timestamp": "2025-12-18T12:58:55.699827",
  "recall": {
    "@1": {
      "mean": 0.8353,
      "std": 0.37090957118952855,
      "min": 0.0,
      "max": 1.0
    },
    "@10": {
      "mean": 0.8234899999999999,
      "std": 0.23932659672506104,
      "min": 0.0,
      "max": 1.0
    },
    "@100": {
      "mean": 0.3883230000000001,
      "std": 0.04800664194671401,
      "min": 0.0,
      "max": 0.51
    }
  },
  "latency": {
    "mean_ms": 10.92760164160136,
    "std_ms": 4.865005922038414,
    "p50_ms": 10.490125496289693,
    "p95_ms": 19.647072138468502,
    "p99_ms": 24.0349617668835
  }
}