{
  "database": "pgvector",
  "collection": "bench_v2_pgvector",
  "num_queries": 10000,
  "methodology": "held-out queries, full corpus GT",
  "timestamp": "2025-12-16T19:31:35.095612",
  "recall": {
    "@1": {
      "mean": 0.8348,
      "std": 0.37136095648304235,
      "min": 0.0,
      "max": 1.0
    },
    "@10": {
      "mean": 0.82537,
      "std": 0.23503906717820341,
      "min": 0.0,
      "max": 1.0
    },
    "@100": {
      "mean": 0.38916600000000007,
      "std": 0.04481321729133047,
      "min": 0.0,
      "max": 0.51
    }
  },
  "latency": {
    "mean_ms": 16.264274377244874,
    "std_ms": 6.768270871337796,
    "p50_ms": 16.247357489191927,
    "p95_ms": 27.453917717502918,
    "p99_ms": 31.85028653184418
  }
}