{
  "database": "pgvector",
  "collection": "bench_v2_pgvector",
  "num_queries": 10000,
  "methodology": "held-out queries, full corpus GT",
  "timestamp": "2025-12-19T02:01:17.931589",
  "recall": {
    "@1": {
      "mean": 0.8353,
      "std": 0.37090957118952855,
      "min": 0.0,
      "max": 1.0
    },
    "@10": {
      "mean": 0.8234899999999999,
      "std": 0.23932659672506104,
      "min": 0.0,
      "max": 1.0
    },
    "@100": {
      "mean": 0.3883230000000001,
      "std": 0.04800664194671401,
      "min": 0.0,
      "max": 0.51
    }
  },
  "latency": {
    "mean_ms": 18.50795732016413,
    "std_ms": 7.256666086011159,
    "p50_ms": 18.940642999950796,
    "p95_ms": 29.666082699986873,
    "p99_ms": 33.52784310016432
  }
}