{
  "database": "qdrant",
  "collection": "bench_v2_qdrant",
  "num_queries": 10000,
  "methodology": "held-out queries, full corpus GT",
  "timestamp": "2025-12-16T21:03:06.344487",
  "recall": {
    "@1": {
      "mean": 0.0006,
      "std": 0.024487547856002243,
      "min": 0.0,
      "max": 1.0
    },
    "@10": {
      "mean": 0.00079,
      "std": 0.009611238213674657,
      "min": 0.0,
      "max": 0.3
    },
    "@100": {
      "mean": 0.001122,
      "std": 0.004245128502177525,
      "min": 0.0,
      "max": 0.09
    }
  },
  "latency": {
    "mean_ms": 3.3145460458152227,
    "std_ms": 0.07701688924643744,
    "p50_ms": 3.3001705014612526,
    "p95_ms": 3.447362789302133,
    "p99_ms": 3.5128373131738044
  }
}