{
  "database": "qdrant",
  "collection": "bench_v2_qdrant",
  "num_queries": 10000,
  "methodology": "held-out queries, full corpus GT",
  "timestamp": "2025-12-18T22:17:44.573996",
  "recall": {
    "@1": {
      "mean": 0.9597,
      "std": 0.19666191802176647,
      "min": 0.0,
      "max": 1.0
    },
    "@10": {
      "mean": 0.9674,
      "std": 0.08119876846356722,
      "min": 0.0,
      "max": 1.0
    },
    "@100": {
      "mean": 0.954558,
      "std": 0.06477889035789358,
      "min": 0.33,
      "max": 1.0
    }
  },
  "latency": {
    "mean_ms": 8.13291565424297,
    "std_ms": 0.4386305778989753,
    "p50_ms": 8.14323450322263,
    "p95_ms": 8.719879502314143,
    "p99_ms": 8.985880730324425
  }
}