{
  "database": "qdrant",
  "collection": "bench_v2_qdrant",
  "num_queries": 10000,
  "methodology": "held-out queries, full corpus GT",
  "timestamp": "2025-12-17T16:52:39.653417",
  "recall": {
    "@1": {
      "mean": 0.9599,
      "std": 0.19619375627170196,
      "min": 0.0,
      "max": 1.0
    },
    "@10": {
      "mean": 0.9673900000000002,
      "std": 0.08121322490826233,
      "min": 0.0,
      "max": 1.0
    },
    "@100": {
      "mean": 0.954559,
      "std": 0.06477966902508842,
      "min": 0.33,
      "max": 1.0
    }
  },
  "latency": {
    "mean_ms": 25.45317490202142,
    "std_ms": 14.811294967227058,
    "p50_ms": 20.428637493751012,
    "p95_ms": 57.609204053005655,
    "p99_ms": 76.69629657408225
  }
}