{
  "database": "weaviate",
  "collection": "bench_v2_weaviate",
  "num_queries": 10000,
  "methodology": "held-out queries, full corpus GT",
  "timestamp": "2025-12-16T23:59:54.924307",
  "recall": {
    "@1": {
      "mean": 0.8707,
      "std": 0.33553168255769833,
      "min": 0.0,
      "max": 1.0
    },
    "@10": {
      "mean": 0.87029,
      "std": 0.19140615428977198,
      "min": 0.0,
      "max": 1.0
    },
    "@100": {
      "mean": 0.751646,
      "std": 0.1659762955484909,
      "min": 0.0,
      "max": 1.0
    }
  },
  "latency": {
    "mean_ms": 37.15297424456803,
    "std_ms": 25.42379161326491,
    "p50_ms": 31.389460011268966,
    "p95_ms": 82.12212020880533,
    "p99_ms": 124.25384845526439
  }
}