{
  "database": "chroma",
  "dataset": "SIFT1M",
  "collection": "sift1m_chroma",
  "timestamp": "2025-12-19T07:48:48.083535",
  "recall": {
    "num_queries": 10000,
    "ef_search": 100,
    "recall_at_1": {
      "mean": 0.9745,
      "std": 0.15763803475050048,
      "min": 0.0,
      "max": 1.0
    },
    "recall_at_10": {
      "mean": 0.9741299999999999,
      "std": 0.05747819673580582,
      "min": 0.5,
      "max": 1.0
    },
    "recall_at_100": {
      "mean": 0.9172680000000001,
      "std": 0.07188293382994325,
      "min": 0.52,
      "max": 1.0
    }
  }
}