{
  "database": "pgvector",
  "dataset": "SIFT1M",
  "dimensions": 128,
  "corpus_size": 1000000,
  "query_size": 10000,
  "hnsw_m": 16,
  "hnsw_ef_construction": 128,
  "hnsw_ef_search": 100,
  "timestamp": "2025-12-19T11:31:05.719223",
  "ingestion": {
    "total_vectors": 1000000,
    "total_time_s": 6204.708943605423,
    "ingestion_rate": 161.16791441613077,
    "batch_size": 10000
  },
  "latency": {
    "num_queries": 1000,
    "top_k": 10,
    "ef_search": 100,
    "latency_mean_ms": 3.34081374303787,
    "latency_p50_ms": 2.9401659849099815,
    "latency_p95_ms": 3.6516514999675564,
    "latency_p99_ms": 23.067145670065596,
    "latency_std_ms": 3.9295493113240525,
    "qps_single_thread": 299.32827056999577
  }
}