{
  "database": "pgvector",
  "dataset": "SIFT1M",
  "collection": "sift1m_pgvector",
  "timestamp": "2025-12-19T14:55:40.975145",
  "recall": {
    "num_queries": 10000,
    "ef_search": 100,
    "recall_at_1": {
      "mean": 0.9586,
      "std": 0.19921355375576233,
      "min": 0.0,
      "max": 1.0
    },
    "recall_at_10": {
      "mean": 0.9441,
      "std": 0.09558864995385173,
      "min": 0.2,
      "max": 1.0
    },
    "recall_at_100": {
      "mean": 0.4063590000000001,
      "std": 0.010832964460386629,
      "min": 0.31,
      "max": 0.5
    }
  }
}