{
  "database": "milvus",
  "dataset": "c308051906a89015",
  "num_documents": 3633,
  "num_queries": 323,
  "embedding_dim": 768,
  "timestamp": "2025-12-13T20:24:16.350090",
  "operational_complexity": {
    "database": "milvus",
    "deployment_score": 65.0,
    "configuration_score": 85,
    "monitoring_score": 25,
    "maintenance_score": 8,
    "documentation_score": 0,
    "overall_score": 40.25,
    "best_for": [
      "Teams wanting zero ops burden",
      "Growing workloads requiring scale"
    ],
    "challenges": [
      "Requires external services: etcd, minio/s3",
      "High memory requirement: 8GB minimum"
    ],
    "recommended_team_size": "small"
  },
  "index_build": {
    "total_build_time_seconds": 3.9041829830002825,
    "insert_time_seconds": 2.7611883849986043,
    "num_vectors": 3633,
    "vectors_per_second": 1315.7378249662006,
    "memory_delta_mb": 84.32421875,
    "index_size_bytes": 0
  },
  "standard": {
    "recall": {
      "@1": 0.04002588286119239,
      "@10": 0.137068546869669,
      "@100": 0.2968173430634952
    },
    "precision": {
      "@1": 0.39628482972136225,
      "@10": 0.23777089783281738,
      "@100": 0.07727554179566563
    },
    "ndcg": {
      "@1": 0.39628482972136225,
      "@10": 0.5062424240208582,
      "@100": 0.5138969286727609
    },
    "latency": {
      "p50": 2.9187199997977586,
      "p95": 3.5081782003544504,
      "p99": 3.781008340083643,
      "mean": 2.9618538575379927,
      "std": 0.30503831045975677,
      "min": 2.28591799896094,
      "max": 5.421240000941907
    },
    "qps": 337.6263813472683
  },
  "cold_start": {
    "mean_ms": 13.729605400294531,
    "std_ms": 0.4413717791967984,
    "min_ms": 13.001242001337232,
    "max_ms": 14.334196999698179,
    "trials": 5
  },
  "filtered_search": {
    "no_filter": {
      "p50": 2.457407500514819,
      "p95": 2.722578600059933,
      "p99": 3.0122812996523987,
      "mean": 2.496960150074301,
      "std": 0.3328143750638213,
      "min": 2.1218010006123222,
      "max": 5.428010001196526
    },
    "with_filter": {},
    "filter_overhead_percent": null
  },
  "qps": {
    "qps": 166.99115427260054,
    "latency": {
      "p50": 2.471759999934875,
      "p95": 2.835925199360645,
      "p99": 3.0579923004552256,
      "mean": 2.4887994932127357,
      "std": 0.22852371238444302,
      "min": 1.8771169998217374,
      "max": 6.1787610011379
    },
    "duration_seconds": 30,
    "total_queries": 5010
  },
  "status": "success"
}