{
  "database": "weaviate",
  "dataset": "c308051906a89015",
  "num_documents": 3633,
  "num_queries": 323,
  "embedding_dim": 768,
  "timestamp": "2025-12-13T20:26:29.469296",
  "operational_complexity": {
    "database": "weaviate",
    "deployment_score": 18.0,
    "configuration_score": 65,
    "monitoring_score": 25,
    "maintenance_score": 8,
    "documentation_score": 0,
    "overall_score": 24.5,
    "best_for": [
      "Teams wanting zero ops burden",
      "Quick POCs and demos",
      "Simple deployments without dependencies",
      "Growing workloads requiring scale"
    ],
    "challenges": [],
    "recommended_team_size": "solo"
  },
  "index_build": {
    "total_build_time_seconds": 2.579447677000644,
    "insert_time_seconds": 2.0801871519997803,
    "num_vectors": 3633,
    "vectors_per_second": 1746.4774727155818,
    "memory_delta_mb": 46.73046875,
    "index_size_bytes": 0
  },
  "standard": {
    "recall": {
      "@1": 0.049147212497811045,
      "@10": 0.1560442701028862,
      "@100": 0.3286628283974826
    },
    "precision": {
      "@1": 0.4179566563467492,
      "@10": 0.24891640866873066,
      "@100": 0.08269349845201239
    },
    "ndcg": {
      "@1": 0.4179566563467492,
      "@10": 0.5353929226914284,
      "@100": 0.5382727330418018
    },
    "latency": {
      "p50": 4.041046999191167,
      "p95": 5.278274299234908,
      "p99": 7.024733359758081,
      "mean": 4.243744371531693,
      "std": 0.6628470227370455,
      "min": 3.2652499994583195,
      "max": 9.298733999457909
    },
    "qps": 235.64096054142638
  },
  "cold_start": {
    "mean_ms": 108.68508599996858,
    "std_ms": 6.893808217437134,
    "min_ms": 103.42879999916477,
    "max_ms": 120.84327400043549,
    "trials": 5
  },
  "filtered_search": {
    "no_filter": {
      "p50": 1.7184405005536973,
      "p95": 2.2142421501484932,
      "p99": 2.7166712403777877,
      "mean": 1.8089566401431512,
      "std": 0.5977835837513241,
      "min": 1.2869840011262568,
      "max": 7.329303000005893
    },
    "with_filter": {},
    "filter_overhead_percent": null
  },
  "qps": {
    "qps": 507.2136733763117,
    "latency": {
      "p50": 1.7478789995948318,
      "p95": 2.190676399914082,
      "p99": 2.362746879880433,
      "mean": 1.7801096658924958,
      "std": 0.2543701703002591,
      "min": 1.2108530008845264,
      "max": 7.031225000901031
    },
    "duration_seconds": 30,
    "total_queries": 15217
  },
  "status": "success"
}