{
  "database": "chroma",
  "dataset": "2aa82eb8b42f5b61",
  "num_documents": 100000,
  "num_queries": 21,
  "embedding_dim": 768,
  "timestamp": "2025-12-13T19:39:34.413960",
  "operational_complexity": {
    "database": "chroma",
    "deployment_score": 27.0,
    "configuration_score": 15,
    "monitoring_score": 75,
    "maintenance_score": 76,
    "documentation_score": 0,
    "overall_score": 43.75,
    "best_for": [
      "Local development and prototyping",
      "Quick POCs and demos",
      "Simple deployments without dependencies"
    ],
    "challenges": [
      "No online backup - requires downtime for backups",
      "Limited observability - no Prometheus metrics"
    ],
    "recommended_team_size": "small"
  },
  "index_build": {
    "total_build_time_seconds": 62.48279808799998,
    "insert_time_seconds": 59.37154063699927,
    "num_vectors": 100000,
    "vectors_per_second": 1684.308659116752,
    "memory_delta_mb": 2501.51953125,
    "index_size_bytes": 0
  },
  "standard": {
    "recall": {
      "@1": 0.19241961741961738,
      "@10": 0.5372914122914123,
      "@100": 0.7566137566137566
    },
    "precision": {
      "@1": 0.5714285714285714,
      "@10": 0.2523809523809524,
      "@100": 0.03380952380952381
    },
    "ndcg": {
      "@1": 0.5714285714285714,
      "@10": 0.585512107398498,
      "@100": 0.5915851039678556
    },
    "latency": {
      "p50": 4.31834700066247,
      "p95": 4.668575000323472,
      "p99": 4.813057399951504,
      "mean": 4.264723761956529,
      "std": 0.31989407661698877,
      "min": 3.642401001343387,
      "max": 4.849177999858512
    },
    "qps": 234.48177556551275
  },
  "cold_start": {
    "mean_ms": 65.37455700017745,
    "std_ms": 0.4563782981883734,
    "min_ms": 64.68175900045026,
    "max_ms": 65.81669899969711,
    "trials": 5
  },
  "filtered_search": {
    "no_filter": {
      "p50": 3.2967360002658097,
      "p95": 3.558050000719959,
      "p99": 3.653406800731318,
      "mean": 3.296494619072681,
      "std": 0.1705945539886801,
      "min": 2.8291590006119804,
      "max": 3.677246000734158
    },
    "with_filter": {
      "p50": 102.28135000033944,
      "p95": 112.34676099957142,
      "p99": 113.1530409995321,
      "mean": 104.12463147605152,
      "std": 5.069043223821041,
      "min": 98.5992099995201,
      "max": 113.35461099952227
    },
    "filter_overhead_percent": 3058.6470936009673
  },
  "qps": {
    "qps": 324.12710463679423,
    "latency": {
      "p50": 3.0672454995510634,
      "p95": 3.4441531508491607,
      "p99": 3.6226050393270284,
      "mean": 3.0654689200850562,
      "std": 0.242008584668363,
      "min": 2.1870609998586588,
      "max": 4.200635001325281
    },
    "duration_seconds": 30,
    "total_queries": 9724
  },
  "status": "success"
}