{
  "database": "milvus",
  "dataset": "2aa82eb8b42f5b61",
  "num_documents": 100000,
  "num_queries": 21,
  "embedding_dim": 768,
  "timestamp": "2025-12-13T19:26:05.716125",
  "operational_complexity": {
    "database": "milvus",
    "deployment_score": 65.0,
    "configuration_score": 85,
    "monitoring_score": 25,
    "maintenance_score": 8,
    "documentation_score": 0,
    "overall_score": 40.25,
    "best_for": [
      "Teams wanting zero ops burden",
      "Growing workloads requiring scale"
    ],
    "challenges": [
      "Requires external services: etcd, minio/s3",
      "High memory requirement: 8GB minimum"
    ],
    "recommended_team_size": "small"
  },
  "index_build": {
    "total_build_time_seconds": 15.257022048999715,
    "insert_time_seconds": 11.211092536999786,
    "num_vectors": 100000,
    "vectors_per_second": 8919.737275378973,
    "memory_delta_mb": 2359.0,
    "index_size_bytes": 0
  },
  "standard": {
    "recall": {
      "@1": 0.19241961741961744,
      "@10": 0.5452279202279202,
      "@100": 0.7436914936914937
    },
    "precision": {
      "@1": 0.5714285714285714,
      "@10": 0.25714285714285706,
      "@100": 0.032380952380952385
    },
    "ndcg": {
      "@1": 0.5714285714285714,
      "@10": 0.5861236692293501,
      "@100": 0.5925804283776787
    },
    "latency": {
      "p50": 7.294170000022859,
      "p95": 9.493818999544601,
      "p99": 9.754595000049449,
      "mean": 7.276462523891713,
      "std": 1.2465385116273233,
      "min": 4.818727999008843,
      "max": 9.81978900017566
    },
    "qps": 137.42941665906693
  },
  "cold_start": {
    "mean_ms": 32.17206279987295,
    "std_ms": 2.9647794382008614,
    "min_ms": 27.139235000504414,
    "max_ms": 34.953795999172144,
    "trials": 5
  },
  "filtered_search": {
    "no_filter": {
      "p50": 8.108670001092833,
      "p95": 9.802304999539047,
      "p99": 10.328835399923264,
      "mean": 8.09928238119201,
      "std": 1.0711686091748438,
      "min": 6.481222000729758,
      "max": 10.460468000019318
    },
    "with_filter": {},
    "filter_overhead_percent": null
  },
  "qps": {
    "qps": 99.36580351236775,
    "latency": {
      "p50": 4.496343000937486,
      "p95": 9.073626999452244,
      "p99": 10.719237399462143,
      "mean": 5.382112858783167,
      "std": 2.691693276131456,
      "min": 3.3407970004191156,
      "max": 115.54335599976184
    },
    "duration_seconds": 30,
    "total_queries": 2981
  },
  "status": "success"
}