{
  "database": "pgvector",
  "dataset": "2aa82eb8b42f5b61",
  "num_documents": 100000,
  "num_queries": 21,
  "embedding_dim": 768,
  "timestamp": "2025-12-13T19:28:50.899305",
  "operational_complexity": {
    "database": "pgvector",
    "deployment_score": 34.0,
    "configuration_score": 60,
    "monitoring_score": 25,
    "maintenance_score": 8,
    "documentation_score": 0,
    "overall_score": 27.5,
    "best_for": [
      "Teams wanting zero ops burden",
      "Growing workloads requiring scale"
    ],
    "challenges": [
      "Requires external services: postgresql"
    ],
    "recommended_team_size": "small"
  },
  "index_build": {
    "total_build_time_seconds": 612.0064638010008,
    "insert_time_seconds": 608.7384184880011,
    "num_vectors": 100000,
    "vectors_per_second": 164.27417255572988,
    "memory_delta_mb": 2985.0,
    "index_size_bytes": 840605696
  },
  "standard": {
    "recall": {
      "@1": 0.19241961741961744,
      "@10": 0.5452279202279203,
      "@100": 0.6759259259259259
    },
    "precision": {
      "@1": 0.5714285714285714,
      "@10": 0.2571428571428571,
      "@100": 0.03142857142857143
    },
    "ndcg": {
      "@1": 0.5714285714285714,
      "@10": 0.5851677295471831,
      "@100": 0.5797565354158459
    },
    "latency": {
      "p50": 3.8767310015828116,
      "p95": 5.794898999738507,
      "p99": 6.036646199936513,
      "mean": 4.290405809418492,
      "std": 0.8585075222879837,
      "min": 3.2720859999244567,
      "max": 6.097082999986014
    },
    "qps": 233.078185239437
  },
  "cold_start": {
    "mean_ms": 14.211893400351983,
    "std_ms": 1.3398479849893474,
    "min_ms": 13.319578998562065,
    "max_ms": 16.867497000930598,
    "trials": 5
  },
  "filtered_search": {
    "no_filter": {
      "p50": 2.7960520001215627,
      "p95": 3.9655169985053362,
      "p99": 4.150765798476641,
      "mean": 2.8533575709194077,
      "std": 0.5896721038503943,
      "min": 2.1009089996368857,
      "max": 4.197077998469467
    },
    "with_filter": {
      "p50": 1.990146000025561,
      "p95": 2.6335960010328563,
      "p99": 2.811302399277338,
      "mean": 2.0401815713523233,
      "std": 0.3056132334429806,
      "min": 1.607045998753165,
      "max": 2.855728998838458
    },
    "filter_overhead_percent": -28.498916779822416
  },
  "qps": {
    "qps": 396.11120121413273,
    "latency": {
      "p50": 1.9652834998851176,
      "p95": 2.6488461491680937,
      "p99": 2.889130440307781,
      "mean": 2.0160723562758687,
      "std": 0.31200638635454325,
      "min": 1.4377530005731387,
      "max": 4.014580999864847
    },
    "duration_seconds": 30,
    "total_queries": 11884
  },
  "status": "success"
}