{
  "database": "qdrant",
  "dataset": "2aa82eb8b42f5b61",
  "num_documents": 100000,
  "num_queries": 21,
  "embedding_dim": 768,
  "timestamp": "2025-12-13T19:27:04.273050",
  "operational_complexity": {
    "database": "qdrant",
    "deployment_score": 11.5,
    "configuration_score": 30,
    "monitoring_score": 0,
    "maintenance_score": 0,
    "documentation_score": 0,
    "overall_score": 8.875,
    "best_for": [
      "Teams wanting zero ops burden",
      "Quick POCs and demos",
      "Simple deployments without dependencies",
      "Growing workloads requiring scale"
    ],
    "challenges": [],
    "recommended_team_size": "solo"
  },
  "index_build": {
    "total_build_time_seconds": 74.50921477200063,
    "insert_time_seconds": 71.13302545199986,
    "num_vectors": 100000,
    "vectors_per_second": 1405.8167688576582,
    "memory_delta_mb": 2975.44140625,
    "index_size_bytes": 0
  },
  "standard": {
    "recall": {
      "@1": 0.19241961741961738,
      "@10": 0.5372914122914123,
      "@100": 0.7566137566137566
    },
    "precision": {
      "@1": 0.5714285714285714,
      "@10": 0.2523809523809523,
      "@100": 0.03380952380952381
    },
    "ndcg": {
      "@1": 0.5714285714285714,
      "@10": 0.5855121073984981,
      "@100": 0.5910880023934966
    },
    "latency": {
      "p50": 5.769056999270106,
      "p95": 7.623306000823504,
      "p99": 7.786367600419908,
      "mean": 6.054094285857337,
      "std": 0.7878286674550611,
      "min": 5.2441110001382185,
      "max": 7.827133000319009
    },
    "qps": 165.17747375293598
  },
  "cold_start": {
    "mean_ms": 72.10842439999396,
    "std_ms": 2.9628149748198713,
    "min_ms": 69.4667469997512,
    "max_ms": 77.83427600043069,
    "trials": 5
  },
  "filtered_search": {
    "no_filter": {
      "p50": 3.291193001132342,
      "p95": 3.6024080000061076,
      "p99": 4.073897600028431,
      "mean": 3.2789922380678553,
      "std": 0.28930380379918796,
      "min": 2.8554989985423163,
      "max": 4.191770000034012
    },
    "with_filter": {
      "p50": 13.29855899894028,
      "p95": 23.104268999304622,
      "p99": 23.53343700087862,
      "mean": 14.353435618908232,
      "std": 2.969157042790566,
      "min": 13.009402999159647,
      "max": 23.64072900127212
    },
    "filter_overhead_percent": 337.73923744833223
  },
  "qps": {
    "qps": 308.80940105767246,
    "latency": {
      "p50": 3.1820130006963154,
      "p95": 3.6955174000468105,
      "p99": 3.890216440704535,
      "mean": 3.2098876764246196,
      "std": 0.6817236390725951,
      "min": 2.3517220015492057,
      "max": 63.07446999926469
    },
    "duration_seconds": 30,
    "total_queries": 9265
  },
  "status": "success"
}