{
  "database": "chroma",
  "dataset": "2aa82eb8b42f5b61",
  "num_documents": 100000,
  "num_queries": 21,
  "embedding_dim": 768,
  "timestamp": "2025-12-13T19:22:06.011623",
  "operational_complexity": {
    "database": "chroma",
    "deployment_score": 27.0,
    "configuration_score": 15,
    "monitoring_score": 75,
    "maintenance_score": 76,
    "documentation_score": 0,
    "overall_score": 43.75,
    "best_for": [
      "Local development and prototyping",
      "Quick POCs and demos",
      "Simple deployments without dependencies"
    ],
    "challenges": [
      "No online backup - requires downtime for backups",
      "Limited observability - no Prometheus metrics"
    ],
    "recommended_team_size": "small"
  },
  "index_build": {
    "total_build_time_seconds": 60.37920228999974,
    "insert_time_seconds": 57.33657280400075,
    "num_vectors": 100000,
    "vectors_per_second": 1744.0875013900786,
    "memory_delta_mb": 2479.73046875,
    "index_size_bytes": 0
  },
  "standard": {
    "recall": {
      "@1": 0.19241961741961744,
      "@10": 0.5372914122914123,
      "@100": 0.7407407407407407
    },
    "precision": {
      "@1": 0.5714285714285714,
      "@10": 0.2523809523809523,
      "@100": 0.03333333333333333
    },
    "ndcg": {
      "@1": 0.5714285714285714,
      "@10": 0.5855121073984981,
      "@100": 0.583058807217806
    },
    "latency": {
      "p50": 4.416240000864491,
      "p95": 4.809275998923113,
      "p99": 5.109888800143381,
      "mean": 4.427146619058303,
      "std": 0.2458157607675782,
      "min": 4.016768998553744,
      "max": 5.185042000448448
    },
    "qps": 225.87912397008205
  },
  "cold_start": {
    "mean_ms": 65.15290080023988,
    "std_ms": 0.5696440291760093,
    "min_ms": 64.43248399955337,
    "max_ms": 65.82607900054427,
    "trials": 5
  },
  "filtered_search": {
    "no_filter": {
      "p50": 3.3471539991296595,
      "p95": 3.5401320001255954,
      "p99": 3.603468799337861,
      "mean": 3.3335015238359724,
      "std": 0.13582841129762072,
      "min": 3.0709330003446667,
      "max": 3.6193029991409276
    },
    "with_filter": {
      "p50": 100.98219999963476,
      "p95": 113.19414799982042,
      "p99": 113.52865359986026,
      "mean": 102.62956504751249,
      "std": 4.201824225533023,
      "min": 99.64399700038484,
      "max": 113.61227999987022
    },
    "filter_overhead_percent": 2978.731607400413
  },
  "qps": {
    "qps": 324.51853936604385,
    "latency": {
      "p50": 3.0737239994778065,
      "p95": 3.434483750424988,
      "p99": 3.6178164989905777,
      "mean": 3.0620854922984053,
      "std": 0.24510295477049454,
      "min": 2.2412110010918695,
      "max": 4.664786998546333
    },
    "duration_seconds": 30,
    "total_queries": 9736
  },
  "status": "success"
}