{
  "database": "milvus",
  "dataset": "2aa82eb8b42f5b61",
  "num_documents": 100000,
  "num_queries": 21,
  "embedding_dim": 768,
  "timestamp": "2025-12-13T19:08:38.828903",
  "operational_complexity": {
    "database": "milvus",
    "deployment_score": 65.0,
    "configuration_score": 85,
    "monitoring_score": 25,
    "maintenance_score": 8,
    "documentation_score": 0,
    "overall_score": 40.25,
    "best_for": [
      "Teams wanting zero ops burden",
      "Growing workloads requiring scale"
    ],
    "challenges": [
      "Requires external services: etcd, minio/s3",
      "High memory requirement: 8GB minimum"
    ],
    "recommended_team_size": "small"
  },
  "index_build": {
    "total_build_time_seconds": 13.731712797,
    "insert_time_seconds": 9.728559543998927,
    "num_vectors": 100000,
    "vectors_per_second": 10279.014025430426,
    "memory_delta_mb": 2359.75,
    "index_size_bytes": 0
  },
  "standard": {
    "recall": {
      "@1": 0.19241961741961744,
      "@10": 0.5372914122914123,
      "@100": 0.753968253968254
    },
    "precision": {
      "@1": 0.5714285714285714,
      "@10": 0.2523809523809524,
      "@100": 0.03285714285714286
    },
    "ndcg": {
      "@1": 0.5714285714285714,
      "@10": 0.5855121073984981,
      "@100": 0.5937183090333892
    },
    "latency": {
      "p50": 3.8607890001003398,
      "p95": 5.081596998934401,
      "p99": 5.11989220030955,
      "mean": 4.055960047654004,
      "std": 0.48971426248938654,
      "min": 3.5286980000819312,
      "max": 5.129466000653338
    },
    "qps": 246.55075204165462
  },
  "cold_start": {
    "mean_ms": 16.99277699990489,
    "std_ms": 4.338593611123415,
    "min_ms": 11.449862999143079,
    "max_ms": 22.463356001026114,
    "trials": 5
  },
  "filtered_search": {
    "no_filter": {
      "p50": 5.6571929999336135,
      "p95": 6.942165999134886,
      "p99": 7.154626000192366,
      "mean": 5.8774391907805,
      "std": 0.5846892854886275,
      "min": 5.1466130007611355,
      "max": 7.2077410004567355
    },
    "with_filter": {},
    "filter_overhead_percent": null
  },
  "qps": {
    "qps": 100.92093730206899,
    "latency": {
      "p50": 4.560315999697195,
      "p95": 8.397107500331913,
      "p99": 10.823778129870337,
      "mean": 5.36914527082393,
      "std": 2.6928307223018266,
      "min": 3.292449999207747,
      "max": 112.65058299977682
    },
    "duration_seconds": 30,
    "total_queries": 3028
  },
  "status": "success"
}