{
  "database": "qdrant",
  "dataset": "2aa82eb8b42f5b61",
  "num_documents": 100000,
  "num_queries": 21,
  "embedding_dim": 768,
  "timestamp": "2025-12-13T19:09:34.970673",
  "operational_complexity": {
    "database": "qdrant",
    "deployment_score": 11.5,
    "configuration_score": 30,
    "monitoring_score": 0,
    "maintenance_score": 0,
    "documentation_score": 0,
    "overall_score": 8.875,
    "best_for": [
      "Teams wanting zero ops burden",
      "Quick POCs and demos",
      "Simple deployments without dependencies",
      "Growing workloads requiring scale"
    ],
    "challenges": [],
    "recommended_team_size": "solo"
  },
  "index_build": {
    "total_build_time_seconds": 74.20990802199958,
    "insert_time_seconds": 70.86560777000159,
    "num_vectors": 100000,
    "vectors_per_second": 1411.1217436327613,
    "memory_delta_mb": 2974.5703125,
    "index_size_bytes": 0
  },
  "standard": {
    "recall": {
      "@1": 0.19241961741961744,
      "@10": 0.5372914122914124,
      "@100": 0.7566137566137566
    },
    "precision": {
      "@1": 0.5714285714285714,
      "@10": 0.2523809523809524,
      "@100": 0.03380952380952382
    },
    "ndcg": {
      "@1": 0.5714285714285714,
      "@10": 0.5855121073984981,
      "@100": 0.5911204171034622
    },
    "latency": {
      "p50": 5.267104999802541,
      "p95": 6.5410770002927165,
      "p99": 7.216238599357895,
      "mean": 5.391061285817635,
      "std": 0.5939740100521674,
      "min": 4.830439000215847,
      "max": 7.385028999124188
    },
    "qps": 185.49223371485658
  },
  "cold_start": {
    "mean_ms": 69.5021737999923,
    "std_ms": 1.1166486659423973,
    "min_ms": 67.91709199933393,
    "max_ms": 70.68033199902857,
    "trials": 5
  },
  "filtered_search": {
    "no_filter": {
      "p50": 3.2116490001499187,
      "p95": 3.7745909994555404,
      "p99": 3.8209645990718855,
      "mean": 3.2767253334376227,
      "std": 0.2740916831521892,
      "min": 2.8596060001291335,
      "max": 3.8325579989759717
    },
    "with_filter": {
      "p50": 13.846839998223004,
      "p95": 23.275784998986637,
      "p99": 23.379106599168153,
      "mean": 14.646442523891372,
      "std": 2.8524373108658887,
      "min": 13.10312200075714,
      "max": 23.404936999213533
    },
    "filter_overhead_percent": 346.9841391474135
  },
  "qps": {
    "qps": 308.77497641276284,
    "latency": {
      "p50": 3.1838280001466046,
      "p95": 3.7109114999111625,
      "p99": 3.933427519496036,
      "mean": 3.2095916695868296,
      "std": 0.43269823196968316,
      "min": 2.319852999789873,
      "max": 34.35184599948116
    },
    "duration_seconds": 30,
    "total_queries": 9264
  },
  "status": "success"
}