{
  "database": "qdrant",
  "dataset": "2aa82eb8b42f5b61",
  "num_documents": 100000,
  "num_queries": 21,
  "embedding_dim": 768,
  "timestamp": "2025-12-13T20:01:33.716482",
  "operational_complexity": {
    "database": "qdrant",
    "deployment_score": 11.5,
    "configuration_score": 30,
    "monitoring_score": 0,
    "maintenance_score": 0,
    "documentation_score": 0,
    "overall_score": 8.875,
    "best_for": [
      "Teams wanting zero ops burden",
      "Quick POCs and demos",
      "Simple deployments without dependencies",
      "Growing workloads requiring scale"
    ],
    "challenges": [],
    "recommended_team_size": "solo"
  },
  "index_build": {
    "total_build_time_seconds": 93.80363085300087,
    "insert_time_seconds": 89.60681667600147,
    "num_vectors": 100000,
    "vectors_per_second": 1115.9865254624322,
    "memory_delta_mb": 2975.28125,
    "index_size_bytes": 0
  },
  "standard": {
    "recall": {
      "@1": 0.19241961741961738,
      "@10": 0.5372914122914124,
      "@100": 0.7566137566137566
    },
    "precision": {
      "@1": 0.5714285714285714,
      "@10": 0.2523809523809524,
      "@100": 0.03380952380952382
    },
    "ndcg": {
      "@1": 0.5714285714285714,
      "@10": 0.5855121073984981,
      "@100": 0.5911204171034624
    },
    "latency": {
      "p50": 5.874135000340175,
      "p95": 6.660908000412746,
      "p99": 13.577155999882969,
      "mean": 6.37240333335718,
      "std": 2.0359156237558387,
      "min": 4.984069999409257,
      "max": 15.306217999750515
    },
    "qps": 156.92666450746597
  },
  "cold_start": {
    "mean_ms": 78.00306600001932,
    "std_ms": 7.210048172556608,
    "min_ms": 71.16348499948799,
    "max_ms": 91.01983000073233,
    "trials": 5
  },
  "filtered_search": {
    "no_filter": {
      "p50": 5.337824999514851,
      "p95": 6.300413999269949,
      "p99": 6.334408399561653,
      "mean": 5.214710619059458,
      "std": 0.8569398383679665,
      "min": 3.3865700006572297,
      "max": 6.342906999634579
    },
    "with_filter": {
      "p50": 26.922208999167196,
      "p95": 30.424982000113232,
      "p99": 30.428934000519803,
      "mean": 26.518471523862292,
      "std": 2.7786057240602138,
      "min": 20.89468499980285,
      "max": 30.429922000621445
    },
    "filter_overhead_percent": 408.5319869321004
  },
  "qps": {
    "qps": 244.91352487439278,
    "latency": {
      "p50": 3.80607900024188,
      "p95": 5.6698995496844855,
      "p99": 6.344128618729883,
      "mean": 4.048950338727098,
      "std": 0.9453836049851334,
      "min": 2.3434430004272144,
      "max": 51.210941001045285
    },
    "duration_seconds": 30,
    "total_queries": 7348
  },
  "status": "error",
  "error": "DriftBenchmark.__init__() got an unexpected keyword argument 'dataset'",
  "traceback": "Traceback (most recent call last):\n  File \"/home/ubuntu/vectordb-bench/scripts/run_benchmark.py\", line 526, in run_full_benchmark\n    results[\"temporal_drift\"] = run_drift_benchmark(\n                                ^^^^^^^^^^^^^^^^^^^^\n  File \"/home/ubuntu/vectordb-bench/scripts/run_benchmark.py\", line 300, in run_drift_benchmark\n    drift_bench = DriftBenchmark(\n                  ^^^^^^^^^^^^^^^\nTypeError: DriftBenchmark.__init__() got an unexpected keyword argument 'dataset'\n"
}